Numéro,Nom,Types,URL,Taille (m),Poids (kg)
0001,Bulbasaur,,https://pokemondb.net/pokedex/bulbasaur,0.7,6.9
0002,Ivysaur,,https://pokemondb.net/pokedex/ivysaur,1.0,13.0
0003,Venusaur,,https://pokemondb.net/pokedex/venusaur,2.0,100.0
0004,Charmander,,https://pokemondb.net/pokedex/charmander,0.6,8.5
0005,Charmeleon,,https://pokemondb.net/pokedex/charmeleon,1.1,19.0
0006,Charizard,,https://pokemondb.net/pokedex/charizard,1.7,90.5
0007,Squirtle,,https://pokemondb.net/pokedex/squirtle,0.5,9.0
0008,Wartortle,,https://pokemondb.net/pokedex/wartortle,1.0,22.5
0009,Blastoise,,https://pokemondb.net/pokedex/blastoise,1.6,85.5
0010,Caterpie,,https://pokemondb.net/pokedex/caterpie,0.3,2.9
0011,Metapod,,https://pokemondb.net/pokedex/metapod,0.7,9.9
0012,Butterfree,,https://pokemondb.net/pokedex/butterfree,1.1,32.0
0013,Weedle,,https://pokemondb.net/pokedex/weedle,0.3,3.2
0014,Kakuna,,https://pokemondb.net/pokedex/kakuna,0.6,10.0
0015,Beedrill,,https://pokemondb.net/pokedex/beedrill,1.0,29.5
0016,Pidgey,,https://pokemondb.net/pokedex/pidgey,0.3,1.8
0017,Pidgeotto,,https://pokemondb.net/pokedex/pidgeotto,1.1,30.0
0018,Pidgeot,,https://pokemondb.net/pokedex/pidgeot,1.5,39.5
0019,Rattata,,https://pokemondb.net/pokedex/rattata,0.3,3.5
0020,Raticate,,https://pokemondb.net/pokedex/raticate,0.7,18.5
0021,Spearow,,https://pokemondb.net/pokedex/spearow,0.3,2.0
0022,Fearow,,https://pokemondb.net/pokedex/fearow,1.2,38.0
0023,Ekans,,https://pokemondb.net/pokedex/ekans,2.0,6.9
0024,Arbok,,https://pokemondb.net/pokedex/arbok,3.5,65.0
0025,Pikachu,,https://pokemondb.net/pokedex/pikachu,0.4,6.0
0026,Raichu,,https://pokemondb.net/pokedex/raichu,0.8,30.0
0027,Sandshrew,,https://pokemondb.net/pokedex/sandshrew,0.6,12.0
0028,Sandslash,,https://pokemondb.net/pokedex/sandslash,1.0,29.5
0029,Nidoran♀,,https://pokemondb.net/pokedex/nidoran-f,0.4,7.0
0030,Nidorina,,https://pokemondb.net/pokedex/nidorina,0.8,20.0
0031,Nidoqueen,,https://pokemondb.net/pokedex/nidoqueen,1.3,60.0
0032,Nidoran♂,,https://pokemondb.net/pokedex/nidoran-m,0.5,9.0
0033,Nidorino,,https://pokemondb.net/pokedex/nidorino,0.9,19.5
0034,Nidoking,,https://pokemondb.net/pokedex/nidoking,1.4,62.0
0035,Clefairy,,https://pokemondb.net/pokedex/clefairy,0.6,7.5
0036,Clefable,,https://pokemondb.net/pokedex/clefable,1.3,40.0
0037,Vulpix,,https://pokemondb.net/pokedex/vulpix,0.6,9.9
0038,Ninetales,,https://pokemondb.net/pokedex/ninetales,1.1,19.9
0039,Jigglypuff,,https://pokemondb.net/pokedex/jigglypuff,0.5,5.5
0040,Wigglytuff,,https://pokemondb.net/pokedex/wigglytuff,1.0,12.0
0041,Zubat,,https://pokemondb.net/pokedex/zubat,0.8,7.5
0042,Golbat,,https://pokemondb.net/pokedex/golbat,1.6,55.0
0043,Oddish,,https://pokemondb.net/pokedex/oddish,0.5,5.4
0044,Gloom,,https://pokemondb.net/pokedex/gloom,0.8,8.6
0045,Vileplume,,https://pokemondb.net/pokedex/vileplume,1.2,18.6
0046,Paras,,https://pokemondb.net/pokedex/paras,0.3,5.4
0047,Parasect,,https://pokemondb.net/pokedex/parasect,1.0,29.5
0048,Venonat,,https://pokemondb.net/pokedex/venonat,1.0,30.0
0049,Venomoth,,https://pokemondb.net/pokedex/venomoth,1.5,12.5
0050,Diglett,,https://pokemondb.net/pokedex/diglett,0.2,0.8
0051,Dugtrio,,https://pokemondb.net/pokedex/dugtrio,0.7,33.3
0052,Meowth,,https://pokemondb.net/pokedex/meowth,0.4,4.2
0053,Persian,,https://pokemondb.net/pokedex/persian,1.0,32.0
0054,Psyduck,,https://pokemondb.net/pokedex/psyduck,0.8,19.6
0055,Golduck,,https://pokemondb.net/pokedex/golduck,1.7,76.6
0056,Mankey,,https://pokemondb.net/pokedex/mankey,0.5,28.0
0057,Primeape,,https://pokemondb.net/pokedex/primeape,1.0,32.0
0058,Growlithe,,https://pokemondb.net/pokedex/growlithe,0.7,19.0
0059,Arcanine,,https://pokemondb.net/pokedex/arcanine,1.9,155.0
0060,Poliwag,,https://pokemondb.net/pokedex/poliwag,0.6,12.4
0061,Poliwhirl,,https://pokemondb.net/pokedex/poliwhirl,1.0,20.0
0062,Poliwrath,,https://pokemondb.net/pokedex/poliwrath,1.3,54.0
0063,Abra,,https://pokemondb.net/pokedex/abra,0.9,19.5
0064,Kadabra,,https://pokemondb.net/pokedex/kadabra,1.3,56.5
0065,Alakazam,,https://pokemondb.net/pokedex/alakazam,1.5,48.0
0066,Machop,,https://pokemondb.net/pokedex/machop,0.8,19.5
0067,Machoke,,https://pokemondb.net/pokedex/machoke,1.5,70.5
0068,Machamp,,https://pokemondb.net/pokedex/machamp,1.6,130.0
0069,Bellsprout,,https://pokemondb.net/pokedex/bellsprout,0.7,4.0
0070,Weepinbell,,https://pokemondb.net/pokedex/weepinbell,1.0,6.4
0071,Victreebel,,https://pokemondb.net/pokedex/victreebel,1.7,15.5
0072,Tentacool,,https://pokemondb.net/pokedex/tentacool,0.9,45.5
0073,Tentacruel,,https://pokemondb.net/pokedex/tentacruel,1.6,55.0
0074,Geodude,,https://pokemondb.net/pokedex/geodude,0.4,20.0
0075,Graveler,,https://pokemondb.net/pokedex/graveler,1.0,105.0
0076,Golem,,https://pokemondb.net/pokedex/golem,1.4,300.0
0077,Ponyta,,https://pokemondb.net/pokedex/ponyta,1.0,30.0
0078,Rapidash,,https://pokemondb.net/pokedex/rapidash,1.7,95.0
0079,Slowpoke,,https://pokemondb.net/pokedex/slowpoke,1.2,36.0
0080,Slowbro,,https://pokemondb.net/pokedex/slowbro,1.6,78.5
0081,Magnemite,,https://pokemondb.net/pokedex/magnemite,0.3,6.0
0082,Magneton,,https://pokemondb.net/pokedex/magneton,1.0,60.0
0083,Farfetch'd,,https://pokemondb.net/pokedex/farfetchd,0.8,15.0
0084,Doduo,,https://pokemondb.net/pokedex/doduo,1.4,39.2
0085,Dodrio,,https://pokemondb.net/pokedex/dodrio,1.8,85.2
0086,Seel,,https://pokemondb.net/pokedex/seel,1.1,90.0
0087,Dewgong,,https://pokemondb.net/pokedex/dewgong,1.7,120.0
0088,Grimer,,https://pokemondb.net/pokedex/grimer,0.9,30.0
0089,Muk,,https://pokemondb.net/pokedex/muk,1.2,30.0
0090,Shellder,,https://pokemondb.net/pokedex/shellder,0.3,4.0
0091,Cloyster,,https://pokemondb.net/pokedex/cloyster,1.5,132.5
0092,Gastly,,https://pokemondb.net/pokedex/gastly,1.3,0.1
0093,Haunter,,https://pokemondb.net/pokedex/haunter,1.6,0.1
0094,Gengar,,https://pokemondb.net/pokedex/gengar,1.5,40.5
0095,Onix,,https://pokemondb.net/pokedex/onix,8.8,210.0
0096,Drowzee,,https://pokemondb.net/pokedex/drowzee,1.0,32.4
0097,Hypno,,https://pokemondb.net/pokedex/hypno,1.6,75.6
0098,Krabby,,https://pokemondb.net/pokedex/krabby,0.4,6.5
0099,Kingler,,https://pokemondb.net/pokedex/kingler,1.3,60.0
0100,Voltorb,,https://pokemondb.net/pokedex/voltorb,0.5,10.4
0101,Electrode,,https://pokemondb.net/pokedex/electrode,1.2,66.6
0102,Exeggcute,,https://pokemondb.net/pokedex/exeggcute,0.4,2.5
0103,Exeggutor,,https://pokemondb.net/pokedex/exeggutor,2.0,120.0
0104,Cubone,,https://pokemondb.net/pokedex/cubone,0.4,6.5
0105,Marowak,,https://pokemondb.net/pokedex/marowak,1.0,45.0
0106,Hitmonlee,,https://pokemondb.net/pokedex/hitmonlee,1.5,49.8
0107,Hitmonchan,,https://pokemondb.net/pokedex/hitmonchan,1.4,50.2
0108,Lickitung,,https://pokemondb.net/pokedex/lickitung,1.2,65.5
0109,Koffing,,https://pokemondb.net/pokedex/koffing,0.6,1.0
0110,Weezing,,https://pokemondb.net/pokedex/weezing,1.2,9.5
0111,Rhyhorn,,https://pokemondb.net/pokedex/rhyhorn,1.0,115.0
0112,Rhydon,,https://pokemondb.net/pokedex/rhydon,1.9,120.0
0113,Chansey,,https://pokemondb.net/pokedex/chansey,1.1,34.6
0114,Tangela,,https://pokemondb.net/pokedex/tangela,1.0,35.0
0115,Kangaskhan,,https://pokemondb.net/pokedex/kangaskhan,2.2,80.0
0116,Horsea,,https://pokemondb.net/pokedex/horsea,0.4,8.0
0117,Seadra,,https://pokemondb.net/pokedex/seadra,1.2,25.0
0118,Goldeen,,https://pokemondb.net/pokedex/goldeen,0.6,15.0
0119,Seaking,,https://pokemondb.net/pokedex/seaking,1.3,39.0
0120,Staryu,,https://pokemondb.net/pokedex/staryu,0.8,34.5
0121,Starmie,,https://pokemondb.net/pokedex/starmie,1.1,80.0
0122,Mr. Mime,,https://pokemondb.net/pokedex/mr-mime,1.3,54.5
0123,Scyther,,https://pokemondb.net/pokedex/scyther,1.5,56.0
0124,Jynx,,https://pokemondb.net/pokedex/jynx,1.4,40.6
0125,Electabuzz,,https://pokemondb.net/pokedex/electabuzz,1.1,30.0
0126,Magmar,,https://pokemondb.net/pokedex/magmar,1.3,44.5
0127,Pinsir,,https://pokemondb.net/pokedex/pinsir,1.5,55.0
0128,Tauros,,https://pokemondb.net/pokedex/tauros,1.4,88.4
0129,Magikarp,,https://pokemondb.net/pokedex/magikarp,0.9,10.0
0130,Gyarados,,https://pokemondb.net/pokedex/gyarados,6.5,235.0
0131,Lapras,,https://pokemondb.net/pokedex/lapras,2.5,220.0
0132,Ditto,,https://pokemondb.net/pokedex/ditto,0.3,4.0
0133,Eevee,,https://pokemondb.net/pokedex/eevee,0.3,6.5
0134,Vaporeon,,https://pokemondb.net/pokedex/vaporeon,1.0,29.0
0135,Jolteon,,https://pokemondb.net/pokedex/jolteon,0.8,24.5
0136,Flareon,,https://pokemondb.net/pokedex/flareon,0.9,25.0
0137,Porygon,,https://pokemondb.net/pokedex/porygon,0.8,36.5
0138,Omanyte,,https://pokemondb.net/pokedex/omanyte,0.4,7.5
0139,Omastar,,https://pokemondb.net/pokedex/omastar,1.0,35.0
0140,Kabuto,,https://pokemondb.net/pokedex/kabuto,0.5,11.5
0141,Kabutops,,https://pokemondb.net/pokedex/kabutops,1.3,40.5
0142,Aerodactyl,,https://pokemondb.net/pokedex/aerodactyl,1.8,59.0
0143,Snorlax,,https://pokemondb.net/pokedex/snorlax,2.1,460.0
0144,Articuno,,https://pokemondb.net/pokedex/articuno,1.7,55.4
0145,Zapdos,,https://pokemondb.net/pokedex/zapdos,1.6,52.6
0146,Moltres,,https://pokemondb.net/pokedex/moltres,2.0,60.0
0147,Dratini,,https://pokemondb.net/pokedex/dratini,1.8,3.3
0148,Dragonair,,https://pokemondb.net/pokedex/dragonair,4.0,16.5
0149,Dragonite,,https://pokemondb.net/pokedex/dragonite,2.2,210.0
0150,Mewtwo,,https://pokemondb.net/pokedex/mewtwo,2.0,122.0
0151,Mew,,https://pokemondb.net/pokedex/mew,0.4,4.0
0152,Chikorita,,https://pokemondb.net/pokedex/chikorita,0.9,6.4
0153,Bayleef,,https://pokemondb.net/pokedex/bayleef,1.2,15.8
0154,Meganium,,https://pokemondb.net/pokedex/meganium,1.8,100.5
0155,Cyndaquil,,https://pokemondb.net/pokedex/cyndaquil,0.5,7.9
0156,Quilava,,https://pokemondb.net/pokedex/quilava,0.9,19.0
0157,Typhlosion,,https://pokemondb.net/pokedex/typhlosion,1.7,79.5
0158,Totodile,,https://pokemondb.net/pokedex/totodile,0.6,9.5
0159,Croconaw,,https://pokemondb.net/pokedex/croconaw,1.1,25.0
0160,Feraligatr,,https://pokemondb.net/pokedex/feraligatr,2.3,88.8
0161,Sentret,,https://pokemondb.net/pokedex/sentret,0.8,6.0
0162,Furret,,https://pokemondb.net/pokedex/furret,1.8,32.5
0163,Hoothoot,,https://pokemondb.net/pokedex/hoothoot,0.7,21.2
0164,Noctowl,,https://pokemondb.net/pokedex/noctowl,1.6,40.8
0165,Ledyba,,https://pokemondb.net/pokedex/ledyba,1.0,10.8
0166,Ledian,,https://pokemondb.net/pokedex/ledian,1.4,35.6
0167,Spinarak,,https://pokemondb.net/pokedex/spinarak,0.5,8.5
0168,Ariados,,https://pokemondb.net/pokedex/ariados,1.1,33.5
0169,Crobat,,https://pokemondb.net/pokedex/crobat,1.8,75.0
0170,Chinchou,,https://pokemondb.net/pokedex/chinchou,0.5,12.0
0171,Lanturn,,https://pokemondb.net/pokedex/lanturn,1.2,22.5
0172,Pichu,,https://pokemondb.net/pokedex/pichu,0.3,2.0
0173,Cleffa,,https://pokemondb.net/pokedex/cleffa,0.3,3.0
0174,Igglybuff,,https://pokemondb.net/pokedex/igglybuff,0.3,1.0
0175,Togepi,,https://pokemondb.net/pokedex/togepi,0.3,1.5
0176,Togetic,,https://pokemondb.net/pokedex/togetic,0.6,3.2
0177,Natu,,https://pokemondb.net/pokedex/natu,0.2,2.0
0178,Xatu,,https://pokemondb.net/pokedex/xatu,1.5,15.0
0179,Mareep,,https://pokemondb.net/pokedex/mareep,0.6,7.8
0180,Flaaffy,,https://pokemondb.net/pokedex/flaaffy,0.8,13.3
0181,Ampharos,,https://pokemondb.net/pokedex/ampharos,1.4,61.5
0182,Bellossom,,https://pokemondb.net/pokedex/bellossom,0.4,5.8
0183,Marill,,https://pokemondb.net/pokedex/marill,0.4,8.5
0184,Azumarill,,https://pokemondb.net/pokedex/azumarill,0.8,28.5
0185,Sudowoodo,,https://pokemondb.net/pokedex/sudowoodo,1.2,38.0
0186,Politoed,,https://pokemondb.net/pokedex/politoed,1.1,33.9
0187,Hoppip,,https://pokemondb.net/pokedex/hoppip,0.4,0.5
0188,Skiploom,,https://pokemondb.net/pokedex/skiploom,0.6,1.0
0189,Jumpluff,,https://pokemondb.net/pokedex/jumpluff,0.8,3.0
0190,Aipom,,https://pokemondb.net/pokedex/aipom,0.8,11.5
0191,Sunkern,,https://pokemondb.net/pokedex/sunkern,0.3,1.8
0192,Sunflora,,https://pokemondb.net/pokedex/sunflora,0.8,8.5
0193,Yanma,,https://pokemondb.net/pokedex/yanma,1.2,38.0
0194,Wooper,,https://pokemondb.net/pokedex/wooper,0.4,8.5
0195,Quagsire,,https://pokemondb.net/pokedex/quagsire,1.4,75.0
0196,Espeon,,https://pokemondb.net/pokedex/espeon,0.9,26.5
0197,Umbreon,,https://pokemondb.net/pokedex/umbreon,1.0,27.0
0198,Murkrow,,https://pokemondb.net/pokedex/murkrow,0.5,2.1
0199,Slowking,,https://pokemondb.net/pokedex/slowking,2.0,79.5
0200,Misdreavus,,https://pokemondb.net/pokedex/misdreavus,0.7,1.0
0201,Unown,,https://pokemondb.net/pokedex/unown,0.5,5.0
0202,Wobbuffet,,https://pokemondb.net/pokedex/wobbuffet,1.3,28.5
0203,Girafarig,,https://pokemondb.net/pokedex/girafarig,1.5,41.5
0204,Pineco,,https://pokemondb.net/pokedex/pineco,0.6,7.2
0205,Forretress,,https://pokemondb.net/pokedex/forretress,1.2,125.8
0206,Dunsparce,,https://pokemondb.net/pokedex/dunsparce,1.5,14.0
0207,Gligar,,https://pokemondb.net/pokedex/gligar,1.1,64.8
0208,Steelix,,https://pokemondb.net/pokedex/steelix,9.2,400.0
0209,Snubbull,,https://pokemondb.net/pokedex/snubbull,0.6,7.8
0210,Granbull,,https://pokemondb.net/pokedex/granbull,1.4,48.7
0211,Qwilfish,,https://pokemondb.net/pokedex/qwilfish,0.5,3.9
0212,Scizor,,https://pokemondb.net/pokedex/scizor,1.8,118.0
0213,Shuckle,,https://pokemondb.net/pokedex/shuckle,0.6,20.5
0214,Heracross,,https://pokemondb.net/pokedex/heracross,1.5,54.0
0215,Sneasel,,https://pokemondb.net/pokedex/sneasel,0.9,28.0
0216,Teddiursa,,https://pokemondb.net/pokedex/teddiursa,0.6,8.8
0217,Ursaring,,https://pokemondb.net/pokedex/ursaring,1.8,125.8
0218,Slugma,,https://pokemondb.net/pokedex/slugma,0.7,35.0
0219,Magcargo,,https://pokemondb.net/pokedex/magcargo,0.8,55.0
0220,Swinub,,https://pokemondb.net/pokedex/swinub,0.4,6.5
0221,Piloswine,,https://pokemondb.net/pokedex/piloswine,1.1,55.8
0222,Corsola,,https://pokemondb.net/pokedex/corsola,0.6,5.0
0223,Remoraid,,https://pokemondb.net/pokedex/remoraid,0.6,12.0
0224,Octillery,,https://pokemondb.net/pokedex/octillery,0.9,28.5
0225,Delibird,,https://pokemondb.net/pokedex/delibird,0.9,16.0
0226,Mantine,,https://pokemondb.net/pokedex/mantine,2.1,220.0
0227,Skarmory,,https://pokemondb.net/pokedex/skarmory,1.7,50.5
0228,Houndour,,https://pokemondb.net/pokedex/houndour,0.6,10.8
0229,Houndoom,,https://pokemondb.net/pokedex/houndoom,1.4,35.0
0230,Kingdra,,https://pokemondb.net/pokedex/kingdra,1.8,152.0
0231,Phanpy,,https://pokemondb.net/pokedex/phanpy,0.5,33.5
0232,Donphan,,https://pokemondb.net/pokedex/donphan,1.1,120.0
0233,Porygon2,,https://pokemondb.net/pokedex/porygon2,0.6,32.5
0234,Stantler,,https://pokemondb.net/pokedex/stantler,1.4,71.2
0235,Smeargle,,https://pokemondb.net/pokedex/smeargle,1.2,58.0
0236,Tyrogue,,https://pokemondb.net/pokedex/tyrogue,0.7,21.0
0237,Hitmontop,,https://pokemondb.net/pokedex/hitmontop,1.4,48.0
0238,Smoochum,,https://pokemondb.net/pokedex/smoochum,0.4,6.0
0239,Elekid,,https://pokemondb.net/pokedex/elekid,0.6,23.5
0240,Magby,,https://pokemondb.net/pokedex/magby,0.7,21.4
0241,Miltank,,https://pokemondb.net/pokedex/miltank,1.2,75.5
0242,Blissey,,https://pokemondb.net/pokedex/blissey,1.5,46.8
0243,Raikou,,https://pokemondb.net/pokedex/raikou,1.9,178.0
0244,Entei,,https://pokemondb.net/pokedex/entei,2.1,198.0
0245,Suicune,,https://pokemondb.net/pokedex/suicune,2.0,187.0
0246,Larvitar,,https://pokemondb.net/pokedex/larvitar,0.6,72.0
0247,Pupitar,,https://pokemondb.net/pokedex/pupitar,1.2,152.0
0248,Tyranitar,,https://pokemondb.net/pokedex/tyranitar,2.0,202.0
0249,Lugia,,https://pokemondb.net/pokedex/lugia,5.2,216.0
0250,Ho-oh,,https://pokemondb.net/pokedex/ho-oh,3.8,199.0
0251,Celebi,,https://pokemondb.net/pokedex/celebi,0.6,5.0
0252,Treecko,,https://pokemondb.net/pokedex/treecko,0.5,5.0
0253,Grovyle,,https://pokemondb.net/pokedex/grovyle,0.9,21.6
0254,Sceptile,,https://pokemondb.net/pokedex/sceptile,1.7,52.2
0255,Torchic,,https://pokemondb.net/pokedex/torchic,0.4,2.5
0256,Combusken,,https://pokemondb.net/pokedex/combusken,0.9,19.5
0257,Blaziken,,https://pokemondb.net/pokedex/blaziken,1.9,52.0
0258,Mudkip,,https://pokemondb.net/pokedex/mudkip,0.4,7.6
0259,Marshtomp,,https://pokemondb.net/pokedex/marshtomp,0.7,28.0
0260,Swampert,,https://pokemondb.net/pokedex/swampert,1.5,81.9
0261,Poochyena,,https://pokemondb.net/pokedex/poochyena,0.5,13.6
0262,Mightyena,,https://pokemondb.net/pokedex/mightyena,1.0,37.0
0263,Zigzagoon,,https://pokemondb.net/pokedex/zigzagoon,0.4,17.5
0264,Linoone,,https://pokemondb.net/pokedex/linoone,0.5,32.5
0265,Wurmple,,https://pokemondb.net/pokedex/wurmple,0.3,3.6
0266,Silcoon,,https://pokemondb.net/pokedex/silcoon,0.6,10.0
0267,Beautifly,,https://pokemondb.net/pokedex/beautifly,1.0,28.4
0268,Cascoon,,https://pokemondb.net/pokedex/cascoon,0.7,11.5
0269,Dustox,,https://pokemondb.net/pokedex/dustox,1.2,31.6
0270,Lotad,,https://pokemondb.net/pokedex/lotad,0.5,2.6
0271,Lombre,,https://pokemondb.net/pokedex/lombre,1.2,32.5
0272,Ludicolo,,https://pokemondb.net/pokedex/ludicolo,1.5,55.0
0273,Seedot,,https://pokemondb.net/pokedex/seedot,0.5,4.0
0274,Nuzleaf,,https://pokemondb.net/pokedex/nuzleaf,1.0,28.0
0275,Shiftry,,https://pokemondb.net/pokedex/shiftry,1.3,59.6
0276,Taillow,,https://pokemondb.net/pokedex/taillow,0.3,2.3
0277,Swellow,,https://pokemondb.net/pokedex/swellow,0.7,19.8
0278,Wingull,,https://pokemondb.net/pokedex/wingull,0.6,9.5
0279,Pelipper,,https://pokemondb.net/pokedex/pelipper,1.2,28.0
0280,Ralts,,https://pokemondb.net/pokedex/ralts,0.4,6.6
0281,Kirlia,,https://pokemondb.net/pokedex/kirlia,0.8,20.2
0282,Gardevoir,,https://pokemondb.net/pokedex/gardevoir,1.6,48.4
0283,Surskit,,https://pokemondb.net/pokedex/surskit,0.5,1.7
0284,Masquerain,,https://pokemondb.net/pokedex/masquerain,0.8,3.6
0285,Shroomish,,https://pokemondb.net/pokedex/shroomish,0.4,4.5
0286,Breloom,,https://pokemondb.net/pokedex/breloom,1.2,39.2
0287,Slakoth,,https://pokemondb.net/pokedex/slakoth,0.8,24.0
0288,Vigoroth,,https://pokemondb.net/pokedex/vigoroth,1.4,46.5
0289,Slaking,,https://pokemondb.net/pokedex/slaking,2.0,130.5
0290,Nincada,,https://pokemondb.net/pokedex/nincada,0.5,5.5
0291,Ninjask,,https://pokemondb.net/pokedex/ninjask,0.8,12.0
0292,Shedinja,,https://pokemondb.net/pokedex/shedinja,0.8,1.2
0293,Whismur,,https://pokemondb.net/pokedex/whismur,0.6,16.3
0294,Loudred,,https://pokemondb.net/pokedex/loudred,1.0,40.5
0295,Exploud,,https://pokemondb.net/pokedex/exploud,1.5,84.0
0296,Makuhita,,https://pokemondb.net/pokedex/makuhita,1.0,86.4
0297,Hariyama,,https://pokemondb.net/pokedex/hariyama,2.3,253.8
0298,Azurill,,https://pokemondb.net/pokedex/azurill,0.2,2.0
0299,Nosepass,,https://pokemondb.net/pokedex/nosepass,1.0,97.0
0300,Skitty,,https://pokemondb.net/pokedex/skitty,0.6,11.0
0301,Delcatty,,https://pokemondb.net/pokedex/delcatty,1.1,32.6
0302,Sableye,,https://pokemondb.net/pokedex/sableye,0.5,11.0
0303,Mawile,,https://pokemondb.net/pokedex/mawile,0.6,11.5
0304,Aron,,https://pokemondb.net/pokedex/aron,0.4,60.0
0305,Lairon,,https://pokemondb.net/pokedex/lairon,0.9,120.0
0306,Aggron,,https://pokemondb.net/pokedex/aggron,2.1,360.0
0307,Meditite,,https://pokemondb.net/pokedex/meditite,0.6,11.2
0308,Medicham,,https://pokemondb.net/pokedex/medicham,1.3,31.5
0309,Electrike,,https://pokemondb.net/pokedex/electrike,0.6,15.2
0310,Manectric,,https://pokemondb.net/pokedex/manectric,1.5,40.2
0311,Plusle,,https://pokemondb.net/pokedex/plusle,0.4,4.2
0312,Minun,,https://pokemondb.net/pokedex/minun,0.4,4.2
0313,Volbeat,,https://pokemondb.net/pokedex/volbeat,0.7,17.7
0314,Illumise,,https://pokemondb.net/pokedex/illumise,0.6,17.7
0315,Roselia,,https://pokemondb.net/pokedex/roselia,0.3,2.0
0316,Gulpin,,https://pokemondb.net/pokedex/gulpin,0.4,10.3
0317,Swalot,,https://pokemondb.net/pokedex/swalot,1.7,80.0
0318,Carvanha,,https://pokemondb.net/pokedex/carvanha,0.8,20.8
0319,Sharpedo,,https://pokemondb.net/pokedex/sharpedo,1.8,88.8
0320,Wailmer,,https://pokemondb.net/pokedex/wailmer,2.0,130.0
0321,Wailord,,https://pokemondb.net/pokedex/wailord,14.5,398.0
0322,Numel,,https://pokemondb.net/pokedex/numel,0.7,24.0
0323,Camerupt,,https://pokemondb.net/pokedex/camerupt,1.9,220.0
0324,Torkoal,,https://pokemondb.net/pokedex/torkoal,0.5,80.4
0325,Spoink,,https://pokemondb.net/pokedex/spoink,0.7,30.6
0326,Grumpig,,https://pokemondb.net/pokedex/grumpig,0.9,71.5
0327,Spinda,,https://pokemondb.net/pokedex/spinda,1.1,5.0
0328,Trapinch,,https://pokemondb.net/pokedex/trapinch,0.7,15.0
0329,Vibrava,,https://pokemondb.net/pokedex/vibrava,1.1,15.3
0330,Flygon,,https://pokemondb.net/pokedex/flygon,2.0,82.0
0331,Cacnea,,https://pokemondb.net/pokedex/cacnea,0.4,51.3
0332,Cacturne,,https://pokemondb.net/pokedex/cacturne,1.3,77.4
0333,Swablu,,https://pokemondb.net/pokedex/swablu,0.4,1.2
0334,Altaria,,https://pokemondb.net/pokedex/altaria,1.1,20.6
0335,Zangoose,,https://pokemondb.net/pokedex/zangoose,1.3,40.3
0336,Seviper,,https://pokemondb.net/pokedex/seviper,2.7,52.5
0337,Lunatone,,https://pokemondb.net/pokedex/lunatone,1.0,168.0
0338,Solrock,,https://pokemondb.net/pokedex/solrock,1.2,154.0
0339,Barboach,,https://pokemondb.net/pokedex/barboach,0.4,1.9
0340,Whiscash,,https://pokemondb.net/pokedex/whiscash,0.9,23.6
0341,Corphish,,https://pokemondb.net/pokedex/corphish,0.6,11.5
0342,Crawdaunt,,https://pokemondb.net/pokedex/crawdaunt,1.1,32.8
0343,Baltoy,,https://pokemondb.net/pokedex/baltoy,0.5,21.5
0344,Claydol,,https://pokemondb.net/pokedex/claydol,1.5,108.0
0345,Lileep,,https://pokemondb.net/pokedex/lileep,1.0,23.8
0346,Cradily,,https://pokemondb.net/pokedex/cradily,1.5,60.4
0347,Anorith,,https://pokemondb.net/pokedex/anorith,0.7,12.5
0348,Armaldo,,https://pokemondb.net/pokedex/armaldo,1.5,68.2
0349,Feebas,,https://pokemondb.net/pokedex/feebas,0.6,7.4
0350,Milotic,,https://pokemondb.net/pokedex/milotic,6.2,162.0
0351,Castform,,https://pokemondb.net/pokedex/castform,0.3,0.8
0352,Kecleon,,https://pokemondb.net/pokedex/kecleon,1.0,22.0
0353,Shuppet,,https://pokemondb.net/pokedex/shuppet,0.6,2.3
0354,Banette,,https://pokemondb.net/pokedex/banette,1.1,12.5
0355,Duskull,,https://pokemondb.net/pokedex/duskull,0.8,15.0
0356,Dusclops,,https://pokemondb.net/pokedex/dusclops,1.6,30.6
0357,Tropius,,https://pokemondb.net/pokedex/tropius,2.0,100.0
0358,Chimecho,,https://pokemondb.net/pokedex/chimecho,0.6,1.0
0359,Absol,,https://pokemondb.net/pokedex/absol,1.2,47.0
0360,Wynaut,,https://pokemondb.net/pokedex/wynaut,0.6,14.0
0361,Snorunt,,https://pokemondb.net/pokedex/snorunt,0.7,16.8
0362,Glalie,,https://pokemondb.net/pokedex/glalie,1.5,256.5
0363,Spheal,,https://pokemondb.net/pokedex/spheal,0.8,39.5
0364,Sealeo,,https://pokemondb.net/pokedex/sealeo,1.1,87.6
0365,Walrein,,https://pokemondb.net/pokedex/walrein,1.4,150.6
0366,Clamperl,,https://pokemondb.net/pokedex/clamperl,0.4,52.5
0367,Huntail,,https://pokemondb.net/pokedex/huntail,1.7,27.0
0368,Gorebyss,,https://pokemondb.net/pokedex/gorebyss,1.8,22.6
0369,Relicanth,,https://pokemondb.net/pokedex/relicanth,1.0,23.4
0370,Luvdisc,,https://pokemondb.net/pokedex/luvdisc,0.6,8.7
0371,Bagon,,https://pokemondb.net/pokedex/bagon,0.6,42.1
0372,Shelgon,,https://pokemondb.net/pokedex/shelgon,1.1,110.5
0373,Salamence,,https://pokemondb.net/pokedex/salamence,1.5,102.6
0374,Beldum,,https://pokemondb.net/pokedex/beldum,0.6,95.2
0375,Metang,,https://pokemondb.net/pokedex/metang,1.2,202.5
0376,Metagross,,https://pokemondb.net/pokedex/metagross,1.6,550.0
0377,Regirock,,https://pokemondb.net/pokedex/regirock,1.7,230.0
0378,Regice,,https://pokemondb.net/pokedex/regice,1.8,175.0
0379,Registeel,,https://pokemondb.net/pokedex/registeel,1.9,205.0
0380,Latias,,https://pokemondb.net/pokedex/latias,1.4,40.0
0381,Latios,,https://pokemondb.net/pokedex/latios,2.0,60.0
0382,Kyogre,,https://pokemondb.net/pokedex/kyogre,4.5,352.0
0383,Groudon,,https://pokemondb.net/pokedex/groudon,3.5,950.0
0384,Rayquaza,,https://pokemondb.net/pokedex/rayquaza,7.0,206.5
0385,Jirachi,,https://pokemondb.net/pokedex/jirachi,0.3,1.1
0386,Deoxys,,https://pokemondb.net/pokedex/deoxys,1.7,60.8
0387,Turtwig,,https://pokemondb.net/pokedex/turtwig,0.4,10.2
0388,Grotle,,https://pokemondb.net/pokedex/grotle,1.1,97.0
0389,Torterra,,https://pokemondb.net/pokedex/torterra,2.2,310.0
0390,Chimchar,,https://pokemondb.net/pokedex/chimchar,0.5,6.2
0391,Monferno,,https://pokemondb.net/pokedex/monferno,0.9,22.0
0392,Infernape,,https://pokemondb.net/pokedex/infernape,1.2,55.0
0393,Piplup,,https://pokemondb.net/pokedex/piplup,0.4,5.2
0394,Prinplup,,https://pokemondb.net/pokedex/prinplup,0.8,23.0
0395,Empoleon,,https://pokemondb.net/pokedex/empoleon,1.7,84.5
0396,Starly,,https://pokemondb.net/pokedex/starly,0.3,2.0
0397,Staravia,,https://pokemondb.net/pokedex/staravia,0.6,15.5
0398,Staraptor,,https://pokemondb.net/pokedex/staraptor,1.2,24.9
0399,Bidoof,,https://pokemondb.net/pokedex/bidoof,0.5,20.0
0400,Bibarel,,https://pokemondb.net/pokedex/bibarel,1.0,31.5
0401,Kricketot,,https://pokemondb.net/pokedex/kricketot,0.3,2.2
0402,Kricketune,,https://pokemondb.net/pokedex/kricketune,1.0,25.5
0403,Shinx,,https://pokemondb.net/pokedex/shinx,0.5,9.5
0404,Luxio,,https://pokemondb.net/pokedex/luxio,0.9,30.5
0405,Luxray,,https://pokemondb.net/pokedex/luxray,1.4,42.0
0406,Budew,,https://pokemondb.net/pokedex/budew,0.2,1.2
0407,Roserade,,https://pokemondb.net/pokedex/roserade,0.9,14.5
0408,Cranidos,,https://pokemondb.net/pokedex/cranidos,0.9,31.5
0409,Rampardos,,https://pokemondb.net/pokedex/rampardos,1.6,102.5
0410,Shieldon,,https://pokemondb.net/pokedex/shieldon,0.5,57.0
0411,Bastiodon,,https://pokemondb.net/pokedex/bastiodon,1.3,149.5
0412,Burmy,,https://pokemondb.net/pokedex/burmy,0.2,3.4
0413,Wormadam,,https://pokemondb.net/pokedex/wormadam,0.5,6.5
0414,Mothim,,https://pokemondb.net/pokedex/mothim,0.9,23.3
0415,Combee,,https://pokemondb.net/pokedex/combee,0.3,5.5
0416,Vespiquen,,https://pokemondb.net/pokedex/vespiquen,1.2,38.5
0417,Pachirisu,,https://pokemondb.net/pokedex/pachirisu,0.4,3.9
0418,Buizel,,https://pokemondb.net/pokedex/buizel,0.7,29.5
0419,Floatzel,,https://pokemondb.net/pokedex/floatzel,1.1,33.5
0420,Cherubi,,https://pokemondb.net/pokedex/cherubi,0.4,3.3
0421,Cherrim,,https://pokemondb.net/pokedex/cherrim,0.5,9.3
0422,Shellos,,https://pokemondb.net/pokedex/shellos,0.3,6.3
0423,Gastrodon,,https://pokemondb.net/pokedex/gastrodon,0.9,29.9
0424,Ambipom,,https://pokemondb.net/pokedex/ambipom,1.2,20.3
0425,Drifloon,,https://pokemondb.net/pokedex/drifloon,0.4,1.2
0426,Drifblim,,https://pokemondb.net/pokedex/drifblim,1.2,15.0
0427,Buneary,,https://pokemondb.net/pokedex/buneary,0.4,5.5
0428,Lopunny,,https://pokemondb.net/pokedex/lopunny,1.2,33.3
0429,Mismagius,,https://pokemondb.net/pokedex/mismagius,0.9,4.4
0430,Honchkrow,,https://pokemondb.net/pokedex/honchkrow,0.9,27.3
0431,Glameow,,https://pokemondb.net/pokedex/glameow,0.5,3.9
0432,Purugly,,https://pokemondb.net/pokedex/purugly,1.0,43.8
0433,Chingling,,https://pokemondb.net/pokedex/chingling,0.2,0.6
0434,Stunky,,https://pokemondb.net/pokedex/stunky,0.4,19.2
0435,Skuntank,,https://pokemondb.net/pokedex/skuntank,1.0,38.0
0436,Bronzor,,https://pokemondb.net/pokedex/bronzor,0.5,60.5
0437,Bronzong,,https://pokemondb.net/pokedex/bronzong,1.3,187.0
0438,Bonsly,,https://pokemondb.net/pokedex/bonsly,0.5,15.0
0439,Mime Jr.,,https://pokemondb.net/pokedex/mime-jr,0.6,13.0
0440,Happiny,,https://pokemondb.net/pokedex/happiny,0.6,24.4
0441,Chatot,,https://pokemondb.net/pokedex/chatot,0.5,1.9
0442,Spiritomb,,https://pokemondb.net/pokedex/spiritomb,1.0,108.0
0443,Gible,,https://pokemondb.net/pokedex/gible,0.7,20.5
0444,Gabite,,https://pokemondb.net/pokedex/gabite,1.4,56.0
0445,Garchomp,,https://pokemondb.net/pokedex/garchomp,1.9,95.0
0446,Munchlax,,https://pokemondb.net/pokedex/munchlax,0.6,105.0
0447,Riolu,,https://pokemondb.net/pokedex/riolu,0.7,20.2
0448,Lucario,,https://pokemondb.net/pokedex/lucario,1.2,54.0
0449,Hippopotas,,https://pokemondb.net/pokedex/hippopotas,0.8,49.5
0450,Hippowdon,,https://pokemondb.net/pokedex/hippowdon,2.0,300.0
0451,Skorupi,,https://pokemondb.net/pokedex/skorupi,0.8,12.0
0452,Drapion,,https://pokemondb.net/pokedex/drapion,1.3,61.5
0453,Croagunk,,https://pokemondb.net/pokedex/croagunk,0.7,23.0
0454,Toxicroak,,https://pokemondb.net/pokedex/toxicroak,1.3,44.4
0455,Carnivine,,https://pokemondb.net/pokedex/carnivine,1.4,27.0
0456,Finneon,,https://pokemondb.net/pokedex/finneon,0.4,7.0
0457,Lumineon,,https://pokemondb.net/pokedex/lumineon,1.2,24.0
0458,Mantyke,,https://pokemondb.net/pokedex/mantyke,1.0,65.0
0459,Snover,,https://pokemondb.net/pokedex/snover,1.0,50.5
0460,Abomasnow,,https://pokemondb.net/pokedex/abomasnow,2.2,135.5
0461,Weavile,,https://pokemondb.net/pokedex/weavile,1.1,34.0
0462,Magnezone,,https://pokemondb.net/pokedex/magnezone,1.2,180.0
0463,Lickilicky,,https://pokemondb.net/pokedex/lickilicky,1.7,140.0
0464,Rhyperior,,https://pokemondb.net/pokedex/rhyperior,2.4,282.8
0465,Tangrowth,,https://pokemondb.net/pokedex/tangrowth,2.0,128.6
0466,Electivire,,https://pokemondb.net/pokedex/electivire,1.8,138.6
0467,Magmortar,,https://pokemondb.net/pokedex/magmortar,1.6,68.0
0468,Togekiss,,https://pokemondb.net/pokedex/togekiss,1.5,38.0
0469,Yanmega,,https://pokemondb.net/pokedex/yanmega,1.9,51.5
0470,Leafeon,,https://pokemondb.net/pokedex/leafeon,1.0,25.5
0471,Glaceon,,https://pokemondb.net/pokedex/glaceon,0.8,25.9
0472,Gliscor,,https://pokemondb.net/pokedex/gliscor,2.0,42.5
0473,Mamoswine,,https://pokemondb.net/pokedex/mamoswine,2.5,291.0
0474,Porygon-Z,,https://pokemondb.net/pokedex/porygon-z,0.9,34.0
0475,Gallade,,https://pokemondb.net/pokedex/gallade,1.6,52.0
0476,Probopass,,https://pokemondb.net/pokedex/probopass,1.4,340.0
0477,Dusknoir,,https://pokemondb.net/pokedex/dusknoir,2.2,106.6
0478,Froslass,,https://pokemondb.net/pokedex/froslass,1.3,26.6
0479,Rotom,,https://pokemondb.net/pokedex/rotom,0.3,0.3
0480,Uxie,,https://pokemondb.net/pokedex/uxie,0.3,0.3
0481,Mesprit,,https://pokemondb.net/pokedex/mesprit,0.3,0.3
0482,Azelf,,https://pokemondb.net/pokedex/azelf,0.3,0.3
0483,Dialga,,https://pokemondb.net/pokedex/dialga,5.4,683.0
0484,Palkia,,https://pokemondb.net/pokedex/palkia,4.2,336.0
0485,Heatran,,https://pokemondb.net/pokedex/heatran,1.7,430.0
0486,Regigigas,,https://pokemondb.net/pokedex/regigigas,3.7,420.0
0487,Giratina,,https://pokemondb.net/pokedex/giratina,4.5,750.0
0488,Cresselia,,https://pokemondb.net/pokedex/cresselia,1.5,85.6
0489,Phione,,https://pokemondb.net/pokedex/phione,0.4,3.1
0490,Manaphy,,https://pokemondb.net/pokedex/manaphy,0.3,1.4
0491,Darkrai,,https://pokemondb.net/pokedex/darkrai,1.5,50.5
0492,Shaymin,,https://pokemondb.net/pokedex/shaymin,0.2,2.1
0493,Arceus,,https://pokemondb.net/pokedex/arceus,3.2,320.0
0494,Victini,,https://pokemondb.net/pokedex/victini,0.4,4.0
0495,Snivy,,https://pokemondb.net/pokedex/snivy,0.6,8.1
0496,Servine,,https://pokemondb.net/pokedex/servine,0.8,16.0
0497,Serperior,,https://pokemondb.net/pokedex/serperior,3.3,63.0
0498,Tepig,,https://pokemondb.net/pokedex/tepig,0.5,9.9
0499,Pignite,,https://pokemondb.net/pokedex/pignite,1.0,55.5
0500,Emboar,,https://pokemondb.net/pokedex/emboar,1.6,150.0
0501,Oshawott,,https://pokemondb.net/pokedex/oshawott,0.5,5.9
0502,Dewott,,https://pokemondb.net/pokedex/dewott,0.8,24.5
0503,Samurott,,https://pokemondb.net/pokedex/samurott,1.5,94.6
0504,Patrat,,https://pokemondb.net/pokedex/patrat,0.5,11.6
0505,Watchog,,https://pokemondb.net/pokedex/watchog,1.1,27.0
0506,Lillipup,,https://pokemondb.net/pokedex/lillipup,0.4,4.1
0507,Herdier,,https://pokemondb.net/pokedex/herdier,0.9,14.7
0508,Stoutland,,https://pokemondb.net/pokedex/stoutland,1.2,61.0
0509,Purrloin,,https://pokemondb.net/pokedex/purrloin,0.4,10.1
0510,Liepard,,https://pokemondb.net/pokedex/liepard,1.1,37.5
0511,Pansage,,https://pokemondb.net/pokedex/pansage,0.6,10.5
0512,Simisage,,https://pokemondb.net/pokedex/simisage,1.1,30.5
0513,Pansear,,https://pokemondb.net/pokedex/pansear,0.6,11.0
0514,Simisear,,https://pokemondb.net/pokedex/simisear,1.0,28.0
0515,Panpour,,https://pokemondb.net/pokedex/panpour,0.6,13.5
0516,Simipour,,https://pokemondb.net/pokedex/simipour,1.0,29.0
0517,Munna,,https://pokemondb.net/pokedex/munna,0.6,23.3
0518,Musharna,,https://pokemondb.net/pokedex/musharna,1.1,60.5
0519,Pidove,,https://pokemondb.net/pokedex/pidove,0.3,2.1
0520,Tranquill,,https://pokemondb.net/pokedex/tranquill,0.6,15.0
0521,Unfezant,,https://pokemondb.net/pokedex/unfezant,1.2,29.0
0522,Blitzle,,https://pokemondb.net/pokedex/blitzle,0.8,29.8
0523,Zebstrika,,https://pokemondb.net/pokedex/zebstrika,1.6,79.5
0524,Roggenrola,,https://pokemondb.net/pokedex/roggenrola,0.4,18.0
0525,Boldore,,https://pokemondb.net/pokedex/boldore,0.9,102.0
0526,Gigalith,,https://pokemondb.net/pokedex/gigalith,1.7,260.0
0527,Woobat,,https://pokemondb.net/pokedex/woobat,0.4,2.1
0528,Swoobat,,https://pokemondb.net/pokedex/swoobat,0.9,10.5
0529,Drilbur,,https://pokemondb.net/pokedex/drilbur,0.3,8.5
0530,Excadrill,,https://pokemondb.net/pokedex/excadrill,0.7,40.4
0531,Audino,,https://pokemondb.net/pokedex/audino,1.1,31.0
0532,Timburr,,https://pokemondb.net/pokedex/timburr,0.6,12.5
0533,Gurdurr,,https://pokemondb.net/pokedex/gurdurr,1.2,40.0
0534,Conkeldurr,,https://pokemondb.net/pokedex/conkeldurr,1.4,87.0
0535,Tympole,,https://pokemondb.net/pokedex/tympole,0.5,4.5
0536,Palpitoad,,https://pokemondb.net/pokedex/palpitoad,0.8,17.0
0537,Seismitoad,,https://pokemondb.net/pokedex/seismitoad,1.5,62.0
0538,Throh,,https://pokemondb.net/pokedex/throh,1.3,55.5
0539,Sawk,,https://pokemondb.net/pokedex/sawk,1.4,51.0
0540,Sewaddle,,https://pokemondb.net/pokedex/sewaddle,0.3,2.5
0541,Swadloon,,https://pokemondb.net/pokedex/swadloon,0.5,7.3
0542,Leavanny,,https://pokemondb.net/pokedex/leavanny,1.2,20.5
0543,Venipede,,https://pokemondb.net/pokedex/venipede,0.4,5.3
0544,Whirlipede,,https://pokemondb.net/pokedex/whirlipede,1.2,58.5
0545,Scolipede,,https://pokemondb.net/pokedex/scolipede,2.5,200.5
0546,Cottonee,,https://pokemondb.net/pokedex/cottonee,0.3,0.6
0547,Whimsicott,,https://pokemondb.net/pokedex/whimsicott,0.7,6.6
0548,Petilil,,https://pokemondb.net/pokedex/petilil,0.5,6.6
0549,Lilligant,,https://pokemondb.net/pokedex/lilligant,1.1,16.3
0550,Basculin,,https://pokemondb.net/pokedex/basculin,1.0,18.0
0551,Sandile,,https://pokemondb.net/pokedex/sandile,0.7,15.2
0552,Krokorok,,https://pokemondb.net/pokedex/krokorok,1.0,33.4
0553,Krookodile,,https://pokemondb.net/pokedex/krookodile,1.5,96.3
0554,Darumaka,,https://pokemondb.net/pokedex/darumaka,0.6,37.5
0555,Darmanitan,,https://pokemondb.net/pokedex/darmanitan,1.3,92.9
0556,Maractus,,https://pokemondb.net/pokedex/maractus,1.0,28.0
0557,Dwebble,,https://pokemondb.net/pokedex/dwebble,0.3,14.5
0558,Crustle,,https://pokemondb.net/pokedex/crustle,1.4,200.0
0559,Scraggy,,https://pokemondb.net/pokedex/scraggy,0.6,11.8
0560,Scrafty,,https://pokemondb.net/pokedex/scrafty,1.1,30.0
0561,Sigilyph,,https://pokemondb.net/pokedex/sigilyph,1.4,14.0
0562,Yamask,,https://pokemondb.net/pokedex/yamask,0.5,1.5
0563,Cofagrigus,,https://pokemondb.net/pokedex/cofagrigus,1.7,76.5
0564,Tirtouga,,https://pokemondb.net/pokedex/tirtouga,0.7,16.5
0565,Carracosta,,https://pokemondb.net/pokedex/carracosta,1.2,81.0
0566,Archen,,https://pokemondb.net/pokedex/archen,0.5,9.5
0567,Archeops,,https://pokemondb.net/pokedex/archeops,1.4,32.0
0568,Trubbish,,https://pokemondb.net/pokedex/trubbish,0.6,31.0
0569,Garbodor,,https://pokemondb.net/pokedex/garbodor,1.9,107.3
0570,Zorua,,https://pokemondb.net/pokedex/zorua,0.7,12.5
0571,Zoroark,,https://pokemondb.net/pokedex/zoroark,1.6,81.1
0572,Minccino,,https://pokemondb.net/pokedex/minccino,0.4,5.8
0573,Cinccino,,https://pokemondb.net/pokedex/cinccino,0.5,7.5
0574,Gothita,,https://pokemondb.net/pokedex/gothita,0.4,5.8
0575,Gothorita,,https://pokemondb.net/pokedex/gothorita,0.7,18.0
0576,Gothitelle,,https://pokemondb.net/pokedex/gothitelle,1.5,44.0
0577,Solosis,,https://pokemondb.net/pokedex/solosis,0.3,1.0
0578,Duosion,,https://pokemondb.net/pokedex/duosion,0.6,8.0
0579,Reuniclus,,https://pokemondb.net/pokedex/reuniclus,1.0,20.1
0580,Ducklett,,https://pokemondb.net/pokedex/ducklett,0.5,5.5
0581,Swanna,,https://pokemondb.net/pokedex/swanna,1.3,24.2
0582,Vanillite,,https://pokemondb.net/pokedex/vanillite,0.4,5.7
0583,Vanillish,,https://pokemondb.net/pokedex/vanillish,1.1,41.0
0584,Vanilluxe,,https://pokemondb.net/pokedex/vanilluxe,1.3,57.5
0585,Deerling,,https://pokemondb.net/pokedex/deerling,0.6,19.5
0586,Sawsbuck,,https://pokemondb.net/pokedex/sawsbuck,1.9,92.5
0587,Emolga,,https://pokemondb.net/pokedex/emolga,0.4,5.0
0588,Karrablast,,https://pokemondb.net/pokedex/karrablast,0.5,5.9
0589,Escavalier,,https://pokemondb.net/pokedex/escavalier,1.0,33.0
0590,Foongus,,https://pokemondb.net/pokedex/foongus,0.2,1.0
0591,Amoonguss,,https://pokemondb.net/pokedex/amoonguss,0.6,10.5
0592,Frillish,,https://pokemondb.net/pokedex/frillish,1.2,33.0
0593,Jellicent,,https://pokemondb.net/pokedex/jellicent,2.2,135.0
0594,Alomomola,,https://pokemondb.net/pokedex/alomomola,1.2,31.6
0595,Joltik,,https://pokemondb.net/pokedex/joltik,0.1,0.6
0596,Galvantula,,https://pokemondb.net/pokedex/galvantula,0.8,14.3
0597,Ferroseed,,https://pokemondb.net/pokedex/ferroseed,0.6,18.8
0598,Ferrothorn,,https://pokemondb.net/pokedex/ferrothorn,1.0,110.0
0599,Klink,,https://pokemondb.net/pokedex/klink,0.3,21.0
0600,Klang,,https://pokemondb.net/pokedex/klang,0.6,51.0
0601,Klinklang,,https://pokemondb.net/pokedex/klinklang,0.6,81.0
0602,Tynamo,,https://pokemondb.net/pokedex/tynamo,0.2,0.3
0603,Eelektrik,,https://pokemondb.net/pokedex/eelektrik,1.2,22.0
0604,Eelektross,,https://pokemondb.net/pokedex/eelektross,2.1,80.5
0605,Elgyem,,https://pokemondb.net/pokedex/elgyem,0.5,9.0
0606,Beheeyem,,https://pokemondb.net/pokedex/beheeyem,1.0,34.5
0607,Litwick,,https://pokemondb.net/pokedex/litwick,0.3,3.1
0608,Lampent,,https://pokemondb.net/pokedex/lampent,0.6,13.0
0609,Chandelure,,https://pokemondb.net/pokedex/chandelure,1.0,34.3
0610,Axew,,https://pokemondb.net/pokedex/axew,0.6,18.0
0611,Fraxure,,https://pokemondb.net/pokedex/fraxure,1.0,36.0
0612,Haxorus,,https://pokemondb.net/pokedex/haxorus,1.8,105.5
0613,Cubchoo,,https://pokemondb.net/pokedex/cubchoo,0.5,8.5
0614,Beartic,,https://pokemondb.net/pokedex/beartic,2.6,260.0
0615,Cryogonal,,https://pokemondb.net/pokedex/cryogonal,1.1,148.0
0616,Shelmet,,https://pokemondb.net/pokedex/shelmet,0.4,7.7
0617,Accelgor,,https://pokemondb.net/pokedex/accelgor,0.8,25.3
0618,Stunfisk,,https://pokemondb.net/pokedex/stunfisk,0.7,11.0
0619,Mienfoo,,https://pokemondb.net/pokedex/mienfoo,0.9,20.0
0620,Mienshao,,https://pokemondb.net/pokedex/mienshao,1.4,35.5
0621,Druddigon,,https://pokemondb.net/pokedex/druddigon,1.6,139.0
0622,Golett,,https://pokemondb.net/pokedex/golett,1.0,92.0
0623,Golurk,,https://pokemondb.net/pokedex/golurk,2.8,330.0
0624,Pawniard,,https://pokemondb.net/pokedex/pawniard,0.5,10.2
0625,Bisharp,,https://pokemondb.net/pokedex/bisharp,1.6,70.0
0626,Bouffalant,,https://pokemondb.net/pokedex/bouffalant,1.6,94.6
0627,Rufflet,,https://pokemondb.net/pokedex/rufflet,0.5,10.5
0628,Braviary,,https://pokemondb.net/pokedex/braviary,1.5,41.0
0629,Vullaby,,https://pokemondb.net/pokedex/vullaby,0.5,9.0
0630,Mandibuzz,,https://pokemondb.net/pokedex/mandibuzz,1.2,39.5
0631,Heatmor,,https://pokemondb.net/pokedex/heatmor,1.4,58.0
0632,Durant,,https://pokemondb.net/pokedex/durant,0.3,33.0
0633,Deino,,https://pokemondb.net/pokedex/deino,0.8,17.3
0634,Zweilous,,https://pokemondb.net/pokedex/zweilous,1.4,50.0
0635,Hydreigon,,https://pokemondb.net/pokedex/hydreigon,1.8,160.0
0636,Larvesta,,https://pokemondb.net/pokedex/larvesta,1.1,28.8
0637,Volcarona,,https://pokemondb.net/pokedex/volcarona,1.6,46.0
0638,Cobalion,,https://pokemondb.net/pokedex/cobalion,2.1,250.0
0639,Terrakion,,https://pokemondb.net/pokedex/terrakion,1.9,260.0
0640,Virizion,,https://pokemondb.net/pokedex/virizion,2.0,200.0
0641,Tornadus,,https://pokemondb.net/pokedex/tornadus,1.5,63.0
0642,Thundurus,,https://pokemondb.net/pokedex/thundurus,1.5,61.0
0643,Reshiram,,https://pokemondb.net/pokedex/reshiram,3.2,330.0
0644,Zekrom,,https://pokemondb.net/pokedex/zekrom,2.9,345.0
0645,Landorus,,https://pokemondb.net/pokedex/landorus,1.5,68.0
0646,Kyurem,,https://pokemondb.net/pokedex/kyurem,3.0,325.0
0647,Keldeo,,https://pokemondb.net/pokedex/keldeo,1.4,48.5
0648,Meloetta,,https://pokemondb.net/pokedex/meloetta,0.6,6.5
0649,Genesect,,https://pokemondb.net/pokedex/genesect,1.5,82.5
0650,Chespin,,https://pokemondb.net/pokedex/chespin,0.4,9.0
0651,Quilladin,,https://pokemondb.net/pokedex/quilladin,0.7,29.0
0652,Chesnaught,,https://pokemondb.net/pokedex/chesnaught,1.6,90.0
0653,Fennekin,,https://pokemondb.net/pokedex/fennekin,0.4,9.4
0654,Braixen,,https://pokemondb.net/pokedex/braixen,1.0,14.5
0655,Delphox,,https://pokemondb.net/pokedex/delphox,1.5,39.0
0656,Froakie,,https://pokemondb.net/pokedex/froakie,0.3,7.0
0657,Frogadier,,https://pokemondb.net/pokedex/frogadier,0.6,10.9
0658,Greninja,,https://pokemondb.net/pokedex/greninja,1.5,40.0
0659,Bunnelby,,https://pokemondb.net/pokedex/bunnelby,0.4,5.0
0660,Diggersby,,https://pokemondb.net/pokedex/diggersby,1.0,42.4
0661,Fletchling,,https://pokemondb.net/pokedex/fletchling,0.3,1.7
0662,Fletchinder,,https://pokemondb.net/pokedex/fletchinder,0.7,16.0
0663,Talonflame,,https://pokemondb.net/pokedex/talonflame,1.2,24.5
0664,Scatterbug,,https://pokemondb.net/pokedex/scatterbug,0.3,2.5
0665,Spewpa,,https://pokemondb.net/pokedex/spewpa,0.3,8.4
0666,Vivillon,,https://pokemondb.net/pokedex/vivillon,1.2,17.0
0667,Litleo,,https://pokemondb.net/pokedex/litleo,0.6,13.5
0668,Pyroar,,https://pokemondb.net/pokedex/pyroar,1.5,81.5
0669,Flabébé,,https://pokemondb.net/pokedex/flabebe,0.1,0.1
0670,Floette,,https://pokemondb.net/pokedex/floette,0.2,0.9
0671,Florges,,https://pokemondb.net/pokedex/florges,1.1,10.0
0672,Skiddo,,https://pokemondb.net/pokedex/skiddo,0.9,31.0
0673,Gogoat,,https://pokemondb.net/pokedex/gogoat,1.7,91.0
0674,Pancham,,https://pokemondb.net/pokedex/pancham,0.6,8.0
0675,Pangoro,,https://pokemondb.net/pokedex/pangoro,2.1,136.0
0676,Furfrou,,https://pokemondb.net/pokedex/furfrou,1.2,28.0
0677,Espurr,,https://pokemondb.net/pokedex/espurr,0.3,3.5
0678,Meowstic,,https://pokemondb.net/pokedex/meowstic,0.6,8.5
0679,Honedge,,https://pokemondb.net/pokedex/honedge,0.8,2.0
0680,Doublade,,https://pokemondb.net/pokedex/doublade,0.8,4.5
0681,Aegislash,,https://pokemondb.net/pokedex/aegislash,1.7,53.0
0682,Spritzee,,https://pokemondb.net/pokedex/spritzee,0.2,0.5
0683,Aromatisse,,https://pokemondb.net/pokedex/aromatisse,0.8,15.5
0684,Swirlix,,https://pokemondb.net/pokedex/swirlix,0.4,3.5
0685,Slurpuff,,https://pokemondb.net/pokedex/slurpuff,0.8,5.0
0686,Inkay,,https://pokemondb.net/pokedex/inkay,0.4,3.5
0687,Malamar,,https://pokemondb.net/pokedex/malamar,1.5,47.0
0688,Binacle,,https://pokemondb.net/pokedex/binacle,0.5,31.0
0689,Barbaracle,,https://pokemondb.net/pokedex/barbaracle,1.3,96.0
0690,Skrelp,,https://pokemondb.net/pokedex/skrelp,0.5,7.3
0691,Dragalge,,https://pokemondb.net/pokedex/dragalge,1.8,81.5
0692,Clauncher,,https://pokemondb.net/pokedex/clauncher,0.5,8.3
0693,Clawitzer,,https://pokemondb.net/pokedex/clawitzer,1.3,35.3
0694,Helioptile,,https://pokemondb.net/pokedex/helioptile,0.5,6.0
0695,Heliolisk,,https://pokemondb.net/pokedex/heliolisk,1.0,21.0
0696,Tyrunt,,https://pokemondb.net/pokedex/tyrunt,0.8,26.0
0697,Tyrantrum,,https://pokemondb.net/pokedex/tyrantrum,2.5,270.0
0698,Amaura,,https://pokemondb.net/pokedex/amaura,1.3,25.2
0699,Aurorus,,https://pokemondb.net/pokedex/aurorus,2.7,225.0
0700,Sylveon,,https://pokemondb.net/pokedex/sylveon,1.0,23.5
0701,Hawlucha,,https://pokemondb.net/pokedex/hawlucha,0.8,21.5
0702,Dedenne,,https://pokemondb.net/pokedex/dedenne,0.2,2.2
0703,Carbink,,https://pokemondb.net/pokedex/carbink,0.3,5.7
0704,Goomy,,https://pokemondb.net/pokedex/goomy,0.3,2.8
0705,Sliggoo,,https://pokemondb.net/pokedex/sliggoo,0.8,17.5
0706,Goodra,,https://pokemondb.net/pokedex/goodra,2.0,150.5
0707,Klefki,,https://pokemondb.net/pokedex/klefki,0.2,3.0
0708,Phantump,,https://pokemondb.net/pokedex/phantump,0.4,7.0
0709,Trevenant,,https://pokemondb.net/pokedex/trevenant,1.5,71.0
0710,Pumpkaboo,,https://pokemondb.net/pokedex/pumpkaboo,0.4,5.0
0711,Gourgeist,,https://pokemondb.net/pokedex/gourgeist,0.9,12.5
0712,Bergmite,,https://pokemondb.net/pokedex/bergmite,1.0,99.5
0713,Avalugg,,https://pokemondb.net/pokedex/avalugg,2.0,505.0
0714,Noibat,,https://pokemondb.net/pokedex/noibat,0.5,8.0
0715,Noivern,,https://pokemondb.net/pokedex/noivern,1.5,85.0
0716,Xerneas,,https://pokemondb.net/pokedex/xerneas,3.0,215.0
0717,Yveltal,,https://pokemondb.net/pokedex/yveltal,5.8,203.0
0718,Zygarde,,https://pokemondb.net/pokedex/zygarde,5.0,305.0
0719,Diancie,,https://pokemondb.net/pokedex/diancie,0.7,8.8
0720,Hoopa,,https://pokemondb.net/pokedex/hoopa,0.5,9.0
0721,Volcanion,,https://pokemondb.net/pokedex/volcanion,1.7,195.0
0722,Rowlet,,https://pokemondb.net/pokedex/rowlet,0.3,1.5
0723,Dartrix,,https://pokemondb.net/pokedex/dartrix,0.7,16.0
0724,Decidueye,,https://pokemondb.net/pokedex/decidueye,1.6,36.6
0725,Litten,,https://pokemondb.net/pokedex/litten,0.4,4.3
0726,Torracat,,https://pokemondb.net/pokedex/torracat,0.7,25.0
0727,Incineroar,,https://pokemondb.net/pokedex/incineroar,1.8,83.0
0728,Popplio,,https://pokemondb.net/pokedex/popplio,0.4,7.5
0729,Brionne,,https://pokemondb.net/pokedex/brionne,0.6,17.5
0730,Primarina,,https://pokemondb.net/pokedex/primarina,1.8,44.0
0731,Pikipek,,https://pokemondb.net/pokedex/pikipek,0.3,1.2
0732,Trumbeak,,https://pokemondb.net/pokedex/trumbeak,0.6,14.8
0733,Toucannon,,https://pokemondb.net/pokedex/toucannon,1.1,26.0
0734,Yungoos,,https://pokemondb.net/pokedex/yungoos,0.4,6.0
0735,Gumshoos,,https://pokemondb.net/pokedex/gumshoos,0.7,14.2
0736,Grubbin,,https://pokemondb.net/pokedex/grubbin,0.4,4.4
0737,Charjabug,,https://pokemondb.net/pokedex/charjabug,0.5,10.5
0738,Vikavolt,,https://pokemondb.net/pokedex/vikavolt,1.5,45.0
0739,Crabrawler,,https://pokemondb.net/pokedex/crabrawler,0.6,7.0
0740,Crabominable,,https://pokemondb.net/pokedex/crabominable,1.7,180.0
0741,Oricorio,,https://pokemondb.net/pokedex/oricorio,0.6,3.4
0742,Cutiefly,,https://pokemondb.net/pokedex/cutiefly,0.1,0.2
0743,Ribombee,,https://pokemondb.net/pokedex/ribombee,0.2,0.5
0744,Rockruff,,https://pokemondb.net/pokedex/rockruff,0.5,9.2
0745,Lycanroc,,https://pokemondb.net/pokedex/lycanroc,0.8,25.0
0746,Wishiwashi,,https://pokemondb.net/pokedex/wishiwashi,0.2,0.3
0747,Mareanie,,https://pokemondb.net/pokedex/mareanie,0.4,8.0
0748,Toxapex,,https://pokemondb.net/pokedex/toxapex,0.7,14.5
0749,Mudbray,,https://pokemondb.net/pokedex/mudbray,1.0,110.0
0750,Mudsdale,,https://pokemondb.net/pokedex/mudsdale,2.5,920.0
0751,Dewpider,,https://pokemondb.net/pokedex/dewpider,0.3,4.0
0752,Araquanid,,https://pokemondb.net/pokedex/araquanid,1.8,82.0
0753,Fomantis,,https://pokemondb.net/pokedex/fomantis,0.3,1.5
0754,Lurantis,,https://pokemondb.net/pokedex/lurantis,0.9,18.5
0755,Morelull,,https://pokemondb.net/pokedex/morelull,0.2,1.5
0756,Shiinotic,,https://pokemondb.net/pokedex/shiinotic,1.0,11.5
0757,Salandit,,https://pokemondb.net/pokedex/salandit,0.6,4.8
0758,Salazzle,,https://pokemondb.net/pokedex/salazzle,1.2,22.2
0759,Stufful,,https://pokemondb.net/pokedex/stufful,0.5,6.8
0760,Bewear,,https://pokemondb.net/pokedex/bewear,2.1,135.0
0761,Bounsweet,,https://pokemondb.net/pokedex/bounsweet,0.3,3.2
0762,Steenee,,https://pokemondb.net/pokedex/steenee,0.7,8.2
0763,Tsareena,,https://pokemondb.net/pokedex/tsareena,1.2,21.4
0764,Comfey,,https://pokemondb.net/pokedex/comfey,0.1,0.3
0765,Oranguru,,https://pokemondb.net/pokedex/oranguru,1.5,76.0
0766,Passimian,,https://pokemondb.net/pokedex/passimian,2.0,82.8
0767,Wimpod,,https://pokemondb.net/pokedex/wimpod,0.5,12.0
0768,Golisopod,,https://pokemondb.net/pokedex/golisopod,2.0,108.0
0769,Sandygast,,https://pokemondb.net/pokedex/sandygast,0.5,70.0
0770,Palossand,,https://pokemondb.net/pokedex/palossand,1.3,250.0
0771,Pyukumuku,,https://pokemondb.net/pokedex/pyukumuku,0.3,1.2
0772,Type: Null,,https://pokemondb.net/pokedex/type-null,1.9,120.5
0773,Silvally,,https://pokemondb.net/pokedex/silvally,2.3,100.5
0774,Minior,,https://pokemondb.net/pokedex/minior,0.3,40.0
0775,Komala,,https://pokemondb.net/pokedex/komala,0.4,19.9
0776,Turtonator,,https://pokemondb.net/pokedex/turtonator,2.0,212.0
0777,Togedemaru,,https://pokemondb.net/pokedex/togedemaru,0.3,3.3
0778,Mimikyu,,https://pokemondb.net/pokedex/mimikyu,0.2,0.7
0779,Bruxish,,https://pokemondb.net/pokedex/bruxish,0.9,19.0
0780,Drampa,,https://pokemondb.net/pokedex/drampa,3.0,185.0
0781,Dhelmise,,https://pokemondb.net/pokedex/dhelmise,3.9,210.0
0782,Jangmo-o,,https://pokemondb.net/pokedex/jangmo-o,0.6,29.7
0783,Hakamo-o,,https://pokemondb.net/pokedex/hakamo-o,1.2,47.0
0784,Kommo-o,,https://pokemondb.net/pokedex/kommo-o,1.6,78.2
0785,Tapu Koko,,https://pokemondb.net/pokedex/tapu-koko,1.8,20.5
0786,Tapu Lele,,https://pokemondb.net/pokedex/tapu-lele,1.2,18.6
0787,Tapu Bulu,,https://pokemondb.net/pokedex/tapu-bulu,1.9,45.5
0788,Tapu Fini,,https://pokemondb.net/pokedex/tapu-fini,1.3,21.2
0789,Cosmog,,https://pokemondb.net/pokedex/cosmog,0.2,0.1
0790,Cosmoem,,https://pokemondb.net/pokedex/cosmoem,0.1,999.9
0791,Solgaleo,,https://pokemondb.net/pokedex/solgaleo,3.4,230.0
0792,Lunala,,https://pokemondb.net/pokedex/lunala,4.0,120.0
0793,Nihilego,,https://pokemondb.net/pokedex/nihilego,1.2,55.5
0794,Buzzwole,,https://pokemondb.net/pokedex/buzzwole,2.4,333.6
0795,Pheromosa,,https://pokemondb.net/pokedex/pheromosa,1.8,25.0
0796,Xurkitree,,https://pokemondb.net/pokedex/xurkitree,3.8,100.0
0797,Celesteela,,https://pokemondb.net/pokedex/celesteela,9.2,999.9
0798,Kartana,,https://pokemondb.net/pokedex/kartana,0.3,0.1
0799,Guzzlord,,https://pokemondb.net/pokedex/guzzlord,5.5,888.0
0800,Necrozma,,https://pokemondb.net/pokedex/necrozma,2.4,230.0
0801,Magearna,,https://pokemondb.net/pokedex/magearna,1.0,80.5
0802,Marshadow,,https://pokemondb.net/pokedex/marshadow,0.7,22.2
0803,Poipole,,https://pokemondb.net/pokedex/poipole,0.6,1.8
0804,Naganadel,,https://pokemondb.net/pokedex/naganadel,3.6,150.0
0805,Stakataka,,https://pokemondb.net/pokedex/stakataka,5.5,820.0
0806,Blacephalon,,https://pokemondb.net/pokedex/blacephalon,1.8,13.0
0807,Zeraora,,https://pokemondb.net/pokedex/zeraora,1.5,44.5
0808,Meltan,,https://pokemondb.net/pokedex/meltan,0.2,8.0
0809,Melmetal,,https://pokemondb.net/pokedex/melmetal,2.5,800.0
0810,Grookey,,https://pokemondb.net/pokedex/grookey,0.3,5.0
0811,Thwackey,,https://pokemondb.net/pokedex/thwackey,0.7,14.0
0812,Rillaboom,,https://pokemondb.net/pokedex/rillaboom,2.1,90.0
0813,Scorbunny,,https://pokemondb.net/pokedex/scorbunny,0.3,4.5
0814,Raboot,,https://pokemondb.net/pokedex/raboot,0.6,9.0
0815,Cinderace,,https://pokemondb.net/pokedex/cinderace,1.4,33.0
0816,Sobble,,https://pokemondb.net/pokedex/sobble,0.3,4.0
0817,Drizzile,,https://pokemondb.net/pokedex/drizzile,0.7,11.5
0818,Inteleon,,https://pokemondb.net/pokedex/inteleon,1.9,45.2
0819,Skwovet,,https://pokemondb.net/pokedex/skwovet,0.3,2.5
0820,Greedent,,https://pokemondb.net/pokedex/greedent,0.6,6.0
0821,Rookidee,,https://pokemondb.net/pokedex/rookidee,0.2,1.8
0822,Corvisquire,,https://pokemondb.net/pokedex/corvisquire,0.8,16.0
0823,Corviknight,,https://pokemondb.net/pokedex/corviknight,2.2,75.0
0824,Blipbug,,https://pokemondb.net/pokedex/blipbug,0.4,8.0
0825,Dottler,,https://pokemondb.net/pokedex/dottler,0.4,19.5
0826,Orbeetle,,https://pokemondb.net/pokedex/orbeetle,0.4,40.8
0827,Nickit,,https://pokemondb.net/pokedex/nickit,0.6,8.9
0828,Thievul,,https://pokemondb.net/pokedex/thievul,1.2,19.9
0829,Gossifleur,,https://pokemondb.net/pokedex/gossifleur,0.4,2.2
0830,Eldegoss,,https://pokemondb.net/pokedex/eldegoss,0.5,2.5
0831,Wooloo,,https://pokemondb.net/pokedex/wooloo,0.6,6.0
0832,Dubwool,,https://pokemondb.net/pokedex/dubwool,1.3,43.0
0833,Chewtle,,https://pokemondb.net/pokedex/chewtle,0.3,8.5
0834,Drednaw,,https://pokemondb.net/pokedex/drednaw,1.0,115.5
0835,Yamper,,https://pokemondb.net/pokedex/yamper,0.3,13.5
0836,Boltund,,https://pokemondb.net/pokedex/boltund,1.0,34.0
0837,Rolycoly,,https://pokemondb.net/pokedex/rolycoly,0.3,12.0
0838,Carkol,,https://pokemondb.net/pokedex/carkol,1.1,78.0
0839,Coalossal,,https://pokemondb.net/pokedex/coalossal,2.8,310.5
0840,Applin,,https://pokemondb.net/pokedex/applin,0.2,0.5
0841,Flapple,,https://pokemondb.net/pokedex/flapple,0.3,1.0
0842,Appletun,,https://pokemondb.net/pokedex/appletun,0.4,13.0
0843,Silicobra,,https://pokemondb.net/pokedex/silicobra,2.2,7.6
0844,Sandaconda,,https://pokemondb.net/pokedex/sandaconda,3.8,65.5
0845,Cramorant,,https://pokemondb.net/pokedex/cramorant,0.8,18.0
0846,Arrokuda,,https://pokemondb.net/pokedex/arrokuda,0.5,1.0
0847,Barraskewda,,https://pokemondb.net/pokedex/barraskewda,1.3,30.0
0848,Toxel,,https://pokemondb.net/pokedex/toxel,0.4,11.0
0849,Toxtricity,,https://pokemondb.net/pokedex/toxtricity,1.6,40.0
0850,Sizzlipede,,https://pokemondb.net/pokedex/sizzlipede,0.7,1.0
0851,Centiskorch,,https://pokemondb.net/pokedex/centiskorch,3.0,120.0
0852,Clobbopus,,https://pokemondb.net/pokedex/clobbopus,0.6,4.0
0853,Grapploct,,https://pokemondb.net/pokedex/grapploct,1.6,39.0
0854,Sinistea,,https://pokemondb.net/pokedex/sinistea,0.1,0.2
0855,Polteageist,,https://pokemondb.net/pokedex/polteageist,0.2,0.4
0856,Hatenna,,https://pokemondb.net/pokedex/hatenna,0.4,3.4
0857,Hattrem,,https://pokemondb.net/pokedex/hattrem,0.6,4.8
0858,Hatterene,,https://pokemondb.net/pokedex/hatterene,2.1,5.1
0859,Impidimp,,https://pokemondb.net/pokedex/impidimp,0.4,5.5
0860,Morgrem,,https://pokemondb.net/pokedex/morgrem,0.8,12.5
0861,Grimmsnarl,,https://pokemondb.net/pokedex/grimmsnarl,1.5,61.0
0862,Obstagoon,,https://pokemondb.net/pokedex/obstagoon,1.6,46.0
0863,Perrserker,,https://pokemondb.net/pokedex/perrserker,0.8,28.0
0864,Cursola,,https://pokemondb.net/pokedex/cursola,1.0,0.4
0865,Sirfetch'd,,https://pokemondb.net/pokedex/sirfetchd,0.8,117.0
0866,Mr. Rime,,https://pokemondb.net/pokedex/mr-rime,1.5,58.2
0867,Runerigus,,https://pokemondb.net/pokedex/runerigus,1.6,66.6
0868,Milcery,,https://pokemondb.net/pokedex/milcery,0.2,0.3
0869,Alcremie,,https://pokemondb.net/pokedex/alcremie,0.3,0.5
0870,Falinks,,https://pokemondb.net/pokedex/falinks,3.0,62.0
0871,Pincurchin,,https://pokemondb.net/pokedex/pincurchin,0.3,1.0
0872,Snom,,https://pokemondb.net/pokedex/snom,0.3,3.8
0873,Frosmoth,,https://pokemondb.net/pokedex/frosmoth,1.3,42.0
0874,Stonjourner,,https://pokemondb.net/pokedex/stonjourner,2.5,520.0
0875,Eiscue,,https://pokemondb.net/pokedex/eiscue,1.4,89.0
0876,Indeedee,,https://pokemondb.net/pokedex/indeedee,0.9,28.0
0877,Morpeko,,https://pokemondb.net/pokedex/morpeko,0.3,3.0
0878,Cufant,,https://pokemondb.net/pokedex/cufant,1.2,100.0
0879,Copperajah,,https://pokemondb.net/pokedex/copperajah,3.0,650.0
0880,Dracozolt,,https://pokemondb.net/pokedex/dracozolt,1.8,190.0
0881,Arctozolt,,https://pokemondb.net/pokedex/arctozolt,2.3,150.0
0882,Dracovish,,https://pokemondb.net/pokedex/dracovish,2.3,215.0
0883,Arctovish,,https://pokemondb.net/pokedex/arctovish,2.0,175.0
0884,Duraludon,,https://pokemondb.net/pokedex/duraludon,1.8,40.0
0885,Dreepy,,https://pokemondb.net/pokedex/dreepy,0.5,2.0
0886,Drakloak,,https://pokemondb.net/pokedex/drakloak,1.4,11.0
0887,Dragapult,,https://pokemondb.net/pokedex/dragapult,3.0,50.0
0888,Zacian,,https://pokemondb.net/pokedex/zacian,2.8,110.0
0889,Zamazenta,,https://pokemondb.net/pokedex/zamazenta,2.9,210.0
0890,Eternatus,,https://pokemondb.net/pokedex/eternatus,20.0,950.0
0891,Kubfu,,https://pokemondb.net/pokedex/kubfu,0.6,12.0
0892,Urshifu,,https://pokemondb.net/pokedex/urshifu,1.9,105.0
0893,Zarude,,https://pokemondb.net/pokedex/zarude,1.8,70.0
0894,Regieleki,,https://pokemondb.net/pokedex/regieleki,1.2,145.0
0895,Regidrago,,https://pokemondb.net/pokedex/regidrago,2.1,200.0
0896,Glastrier,,https://pokemondb.net/pokedex/glastrier,2.2,800.0
0897,Spectrier,,https://pokemondb.net/pokedex/spectrier,2.0,44.5
0898,Calyrex,,https://pokemondb.net/pokedex/calyrex,1.1,7.7
0899,Wyrdeer,,https://pokemondb.net/pokedex/wyrdeer,1.8,95.1
0900,Kleavor,,https://pokemondb.net/pokedex/kleavor,1.8,89.0
0901,Ursaluna,,https://pokemondb.net/pokedex/ursaluna,2.4,290.0
0902,Basculegion,,https://pokemondb.net/pokedex/basculegion,3.0,110.0
0903,Sneasler,,https://pokemondb.net/pokedex/sneasler,1.3,43.0
0904,Overqwil,,https://pokemondb.net/pokedex/overqwil,2.5,60.5
0905,Enamorus,,https://pokemondb.net/pokedex/enamorus,1.6,48.0
0906,Sprigatito,,https://pokemondb.net/pokedex/sprigatito,0.4,4.1
0907,Floragato,,https://pokemondb.net/pokedex/floragato,0.9,12.2
0908,Meowscarada,,https://pokemondb.net/pokedex/meowscarada,1.5,31.2
0909,Fuecoco,,https://pokemondb.net/pokedex/fuecoco,0.4,9.8
0910,Crocalor,,https://pokemondb.net/pokedex/crocalor,1.0,30.7
0911,Skeledirge,,https://pokemondb.net/pokedex/skeledirge,1.6,326.5
0912,Quaxly,,https://pokemondb.net/pokedex/quaxly,0.5,6.1
0913,Quaxwell,,https://pokemondb.net/pokedex/quaxwell,1.2,21.5
0914,Quaquaval,,https://pokemondb.net/pokedex/quaquaval,1.8,61.9
0915,Lechonk,,https://pokemondb.net/pokedex/lechonk,0.5,10.2
0916,Oinkologne,,https://pokemondb.net/pokedex/oinkologne,1.0,120.0
0917,Tarountula,,https://pokemondb.net/pokedex/tarountula,0.3,4.0
0918,Spidops,,https://pokemondb.net/pokedex/spidops,1.0,16.5
0919,Nymble,,https://pokemondb.net/pokedex/nymble,0.2,1.0
0920,Lokix,,https://pokemondb.net/pokedex/lokix,1.0,17.5
0921,Pawmi,,https://pokemondb.net/pokedex/pawmi,0.3,2.5
0922,Pawmo,,https://pokemondb.net/pokedex/pawmo,0.4,6.5
0923,Pawmot,,https://pokemondb.net/pokedex/pawmot,0.9,41.0
0924,Tandemaus,,https://pokemondb.net/pokedex/tandemaus,0.3,1.8
0925,Maushold,,https://pokemondb.net/pokedex/maushold,0.3,2.8
0926,Fidough,,https://pokemondb.net/pokedex/fidough,0.3,10.9
0927,Dachsbun,,https://pokemondb.net/pokedex/dachsbun,0.5,14.9
0928,Smoliv,,https://pokemondb.net/pokedex/smoliv,0.3,6.5
0929,Dolliv,,https://pokemondb.net/pokedex/dolliv,0.6,11.9
0930,Arboliva,,https://pokemondb.net/pokedex/arboliva,1.4,48.2
0931,Squawkabilly,,https://pokemondb.net/pokedex/squawkabilly,0.6,2.4
0932,Nacli,,https://pokemondb.net/pokedex/nacli,0.4,16.0
0933,Naclstack,,https://pokemondb.net/pokedex/naclstack,0.6,105.0
0934,Garganacl,,https://pokemondb.net/pokedex/garganacl,2.3,240.0
0935,Charcadet,,https://pokemondb.net/pokedex/charcadet,0.6,10.5
0936,Armarouge,,https://pokemondb.net/pokedex/armarouge,1.5,85.0
0937,Ceruledge,,https://pokemondb.net/pokedex/ceruledge,1.6,62.0
0938,Tadbulb,,https://pokemondb.net/pokedex/tadbulb,0.3,0.4
0939,Bellibolt,,https://pokemondb.net/pokedex/bellibolt,1.2,113.0
0940,Wattrel,,https://pokemondb.net/pokedex/wattrel,0.4,3.6
0941,Kilowattrel,,https://pokemondb.net/pokedex/kilowattrel,1.4,38.6
0942,Maschiff,,https://pokemondb.net/pokedex/maschiff,0.5,16.0
0943,Mabosstiff,,https://pokemondb.net/pokedex/mabosstiff,1.1,61.0
0944,Shroodle,,https://pokemondb.net/pokedex/shroodle,0.2,0.7
0945,Grafaiai,,https://pokemondb.net/pokedex/grafaiai,0.7,27.2
0946,Bramblin,,https://pokemondb.net/pokedex/bramblin,0.6,0.6
0947,Brambleghast,,https://pokemondb.net/pokedex/brambleghast,1.2,6.0
0948,Toedscool,,https://pokemondb.net/pokedex/toedscool,0.9,33.0
0949,Toedscruel,,https://pokemondb.net/pokedex/toedscruel,1.9,58.0
0950,Klawf,,https://pokemondb.net/pokedex/klawf,1.3,79.0
0951,Capsakid,,https://pokemondb.net/pokedex/capsakid,0.3,3.0
0952,Scovillain,,https://pokemondb.net/pokedex/scovillain,0.9,15.0
0953,Rellor,,https://pokemondb.net/pokedex/rellor,0.2,1.0
0954,Rabsca,,https://pokemondb.net/pokedex/rabsca,0.3,3.5
0955,Flittle,,https://pokemondb.net/pokedex/flittle,0.2,1.5
0956,Espathra,,https://pokemondb.net/pokedex/espathra,1.9,90.0
0957,Tinkatink,,https://pokemondb.net/pokedex/tinkatink,0.4,8.9
0958,Tinkatuff,,https://pokemondb.net/pokedex/tinkatuff,0.7,59.1
0959,Tinkaton,,https://pokemondb.net/pokedex/tinkaton,0.7,112.8
0960,Wiglett,,https://pokemondb.net/pokedex/wiglett,1.2,1.8
0961,Wugtrio,,https://pokemondb.net/pokedex/wugtrio,1.2,5.4
0962,Bombirdier,,https://pokemondb.net/pokedex/bombirdier,1.5,42.9
0963,Finizen,,https://pokemondb.net/pokedex/finizen,1.3,60.2
0964,Palafin,,https://pokemondb.net/pokedex/palafin,1.3,60.2
0965,Varoom,,https://pokemondb.net/pokedex/varoom,1.0,35.0
0966,Revavroom,,https://pokemondb.net/pokedex/revavroom,1.8,120.0
0967,Cyclizar,,https://pokemondb.net/pokedex/cyclizar,1.6,63.0
0968,Orthworm,,https://pokemondb.net/pokedex/orthworm,2.5,310.0
0969,Glimmet,,https://pokemondb.net/pokedex/glimmet,0.7,8.0
0970,Glimmora,,https://pokemondb.net/pokedex/glimmora,1.5,45.0
0971,Greavard,,https://pokemondb.net/pokedex/greavard,0.6,35.0
0972,Houndstone,,https://pokemondb.net/pokedex/houndstone,2.0,15.0
0973,Flamigo,,https://pokemondb.net/pokedex/flamigo,1.6,37.0
0974,Cetoddle,,https://pokemondb.net/pokedex/cetoddle,1.2,45.0
0975,Cetitan,,https://pokemondb.net/pokedex/cetitan,4.5,700.0
0976,Veluza,,https://pokemondb.net/pokedex/veluza,2.5,90.0
0977,Dondozo,,https://pokemondb.net/pokedex/dondozo,12.0,220.0
0978,Tatsugiri,,https://pokemondb.net/pokedex/tatsugiri,0.3,8.0
0979,Annihilape,,https://pokemondb.net/pokedex/annihilape,1.2,56.0
0980,Clodsire,,https://pokemondb.net/pokedex/clodsire,1.8,223.0
0981,Farigiraf,,https://pokemondb.net/pokedex/farigiraf,3.2,160.0
0982,Dudunsparce,,https://pokemondb.net/pokedex/dudunsparce,3.6,39.2
0983,Kingambit,,https://pokemondb.net/pokedex/kingambit,2.0,120.0
0984,Great Tusk,,https://pokemondb.net/pokedex/great-tusk,2.2,320.0
0985,Scream Tail,,https://pokemondb.net/pokedex/scream-tail,1.2,8.0
0986,Brute Bonnet,,https://pokemondb.net/pokedex/brute-bonnet,1.2,21.0
0987,Flutter Mane,,https://pokemondb.net/pokedex/flutter-mane,1.4,4.0
0988,Slither Wing,,https://pokemondb.net/pokedex/slither-wing,3.2,92.0
0989,Sandy Shocks,,https://pokemondb.net/pokedex/sandy-shocks,2.3,60.0
0990,Iron Treads,,https://pokemondb.net/pokedex/iron-treads,0.9,240.0
0991,Iron Bundle,,https://pokemondb.net/pokedex/iron-bundle,0.6,11.0
0992,Iron Hands,,https://pokemondb.net/pokedex/iron-hands,1.8,380.7
0993,Iron Jugulis,,https://pokemondb.net/pokedex/iron-jugulis,1.3,111.0
0994,Iron Moth,,https://pokemondb.net/pokedex/iron-moth,1.2,36.0
0995,Iron Thorns,,https://pokemondb.net/pokedex/iron-thorns,1.6,303.0
0996,Frigibax,,https://pokemondb.net/pokedex/frigibax,0.5,17.0
0997,Arctibax,,https://pokemondb.net/pokedex/arctibax,0.8,30.0
0998,Baxcalibur,,https://pokemondb.net/pokedex/baxcalibur,2.1,210.0
0999,Gimmighoul,,https://pokemondb.net/pokedex/gimmighoul,0.3,5.0
1000,Gholdengo,,https://pokemondb.net/pokedex/gholdengo,1.2,30.0
1001,Wo-Chien,,https://pokemondb.net/pokedex/wo-chien,1.5,74.2
1002,Chien-Pao,,https://pokemondb.net/pokedex/chien-pao,1.9,152.2
1003,Ting-Lu,,https://pokemondb.net/pokedex/ting-lu,2.7,699.7
1004,Chi-Yu,,https://pokemondb.net/pokedex/chi-yu,0.4,4.9
1005,Roaring Moon,,https://pokemondb.net/pokedex/roaring-moon,2.0,380.0
1006,Iron Valiant,,https://pokemondb.net/pokedex/iron-valiant,1.4,35.0
1007,Koraidon,,https://pokemondb.net/pokedex/koraidon,2.5,303.0
1008,Miraidon,,https://pokemondb.net/pokedex/miraidon,3.5,240.0
1009,Walking Wake,,https://pokemondb.net/pokedex/walking-wake,3.5,280.0
1010,Iron Leaves,,https://pokemondb.net/pokedex/iron-leaves,1.5,125.0
1011,Dipplin,,https://pokemondb.net/pokedex/dipplin,0.4,4.4
1012,Poltchageist,,https://pokemondb.net/pokedex/poltchageist,0.1,1.1
1013,Sinistcha,,https://pokemondb.net/pokedex/sinistcha,0.2,2.2
1014,Okidogi,,https://pokemondb.net/pokedex/okidogi,1.8,92.0
1015,Munkidori,,https://pokemondb.net/pokedex/munkidori,1.0,12.2
1016,Fezandipiti,,https://pokemondb.net/pokedex/fezandipiti,1.4,30.1
1017,Ogerpon,,https://pokemondb.net/pokedex/ogerpon,1.2,39.8
1018,Archaludon,,https://pokemondb.net/pokedex/archaludon,2.0,60.0
1019,Hydrapple,,https://pokemondb.net/pokedex/hydrapple,1.8,93.0
1020,Gouging Fire,,https://pokemondb.net/pokedex/gouging-fire,3.5,590.0
1021,Raging Bolt,,https://pokemondb.net/pokedex/raging-bolt,5.2,480.0
1022,Iron Boulder,,https://pokemondb.net/pokedex/iron-boulder,1.5,162.5
1023,Iron Crown,,https://pokemondb.net/pokedex/iron-crown,1.6,156.0
1024,Terapagos,,https://pokemondb.net/pokedex/terapagos,0.2,6.5
1025,Pecharunt,,https://pokemondb.net/pokedex/pecharunt,0.3,0.3
